问题ID,问题描述,位置,严重程度,建议方案,预计工时
1,色彩方案不一致,/www/wwwroot/ciond/tailwind.config.js,中,扩展tailwind.config.js，定义完整的色彩系统,2小时
2,字体层级系统不清晰,/www/wwwroot/ciond/src/styles/index.css,低,在tailwind.config.js中定义字体层级,1小时
3,组件样式不一致,/www/wwwroot/ciond/src/components/DataTable.tsx,中,创建统一的组件库,8小时
4,导航菜单动画不够流畅,/www/wwwroot/ciond/src/components/Layout.tsx,中,优化动画效果和加载状态,3小时
5,系统反馈机制不完善,/www/wwwroot/ciond/src/components/Toast.tsx,中,创建统一的反馈组件库,4小时
6,页面加载速度较慢,/www/wwwroot/ciond/src/pages/Dashboard.tsx,中,优化数据加载和渲染,4小时
7,响应式断点设置不够科学,/www/wwwroot/ciond/src/styles/index.css,中,优化响应式断点设置,3小时
8,色彩对比度不符合标准,/www/wwwroot/ciond/src/components/Layout.tsx,中,使用色彩对比度检查工具优化颜色选择,2小时
9,键盘导航支持不完善,/www/wwwroot/ciond/src/components/Layout.tsx,中,确保所有交互元素可通过键盘访问,3小时
10,屏幕阅读器兼容性不够,/www/wwwroot/ciond/src/components/Layout.tsx,中,添加适当的ARIA属性,3小时
11,缺乏统一的设计规范文档,整个项目,高,创建设计规范文档,10小时
12,数据流转不够高效,/www/wwwroot/ciond/src/pages/Dashboard.tsx,低,使用状态管理库优化数据流转,6小时
13,数据展示格式不一致,/www/wwwroot/ciond/src/pages/Dashboard.tsx,低,创建统一的数据格式化工具,2小时
14,数据更新不够及时,/www/wwwroot/ciond/src/pages/Dashboard.tsx,中,优化数据轮询机制,4小时
15,数据加载状态处理不统一,/www/wwwroot/ciond/src/components/Loading.tsx,中,创建统一的加载状态组件,3小时